alert_key,probability
363337,0.17530043423175812
358988,0.16669410467147827
364626,0.15636669099330902
361145,0.145638570189476
358005,0.13293348252773285
358457,0.12977540493011475
357510,0.12756294012069702
355198,0.12202707678079605
355633,0.12129734456539154
356628,0.12078800052404404
361299,0.11613603681325912
361569,0.11480285972356796
353084,0.10816047340631485
353872,0.10723290592432022
353566,0.10686823725700378
353582,0.10650946944952011
356388,0.10633524507284164
360041,0.10633524507284164
364698,0.10470270365476608
363033,0.10056279599666595
361011,0.098704993724823
360839,0.09808822721242905
352501,0.09778546541929245
354449,0.09722118824720383
357098,0.09562195092439651
364223,0.0948013886809349
355801,0.09192405641078949
363168,0.0916624516248703
361303,0.08876661211252213
358467,0.08730460703372955
358235,0.08682120591402054
353413,0.08635597676038742
364332,0.07996473461389542
355724,0.07977168262004852
362483,0.07955222576856613
359384,0.07854652404785156
354814,0.07747776806354523
357788,0.07692047208547592
363446,0.07601278275251389
354045,0.07497062534093857
358229,0.0746239423751831
352700,0.07380451261997223
354143,0.07341481000185013
353494,0.07308404892683029
364633,0.07308253645896912
358842,0.07160991430282593
361861,0.0708424374461174
360997,0.07074833661317825
360846,0.07005958259105682
362461,0.06991168111562729
364447,0.06975710391998291
364035,0.06925078481435776
358026,0.0688154399394989
356602,0.06875339150428772
358281,0.06760644912719727
363588,0.06691890954971313
359370,0.06580064445734024
363136,0.06573133170604706
361711,0.06550807505846024
364460,0.06521083414554596
359499,0.0650423988699913
361140,0.06503854691982269
354431,0.06421107798814774
360598,0.0636206567287445
364333,0.06310106068849564
357448,0.06287391483783722
364673,0.06276755034923553
363764,0.062489867210388184
357870,0.062285564839839935
364304,0.062088027596473694
358984,0.06190461292862892
364699,0.06160902604460716
363738,0.060889385640621185
359495,0.06069430336356163
361025,0.06031526252627373
363771,0.05976763740181923
362223,0.05877849459648132
364724,0.05877849459648132
355667,0.05848352238535881
362723,0.058018844574689865
362851,0.05797823145985603
357322,0.05775386095046997
360562,0.05773899331688881
364036,0.05692685768008232
357869,0.056646678596735
357447,0.05633510276675224
363160,0.05612736940383911
360400,0.05582369491457939
356779,0.05577584728598595
356249,0.055676545947790146
359785,0.055676545947790146
359853,0.05521169677376747
355558,0.05463901534676552
363284,0.05458660423755646
355810,0.054441288113594055
363753,0.05427248403429985
359135,0.054039034992456436
358721,0.05402817577123642
362207,0.05395467206835747
363757,0.05392792448401451
363307,0.05386524647474289
355795,0.0534416101872921
364033,0.052669938653707504
360646,0.05255655571818352
354218,0.05083279684185982
357347,0.05079635605216026
358252,0.05053805187344551
361291,0.050494369119405746
360601,0.0504753477871418
362488,0.0504753477871418
364169,0.050217967480421066
354652,0.05012461170554161
359536,0.049511078745126724
365001,0.04945513233542442
364994,0.049429651349782944
355090,0.04937275871634483
364311,0.04923800379037857
358248,0.0489230677485466
359365,0.048902589827775955
358228,0.048800695687532425
358453,0.048766423016786575
361998,0.04845937341451645
362725,0.048373933881521225
352816,0.04801541566848755
354254,0.04749716445803642
359377,0.04736463353037834
354047,0.047004334628582
353072,0.04695660248398781
355222,0.046112313866615295
362003,0.04606451839208603
355395,0.045574307441711426
360843,0.04538990184664726
353059,0.04535489156842232
352704,0.045302025973796844
358454,0.045290399342775345
354962,0.04500403255224228
362468,0.04456830769777298
352859,0.04456166923046112
360402,0.044285692274570465
354603,0.04415101185441017
362853,0.04408995062112808
363153,0.04393365979194641
364032,0.0436166375875473
359675,0.04350929334759712
358471,0.043432749807834625
360396,0.043143484741449356
358458,0.043070778250694275
360847,0.04288741573691368
357313,0.04284460097551346
355570,0.04272182658314705
354452,0.042466647922992706
364031,0.0423322468996048
361617,0.042125556617975235
358233,0.042091161012649536
355413,0.042066432535648346
353213,0.04152765870094299
363346,0.04145128279924393
360075,0.04143272712826729
362175,0.04128488525748253
361124,0.04094338044524193
357288,0.04079718887805939
359487,0.040473707020282745
361552,0.04030716419219971
357108,0.039255622774362564
353550,0.038994159549474716
364631,0.03873090445995331
361295,0.03870614618062973
354670,0.03840196877717972
357871,0.03836332634091377
359854,0.03811878710985184
364983,0.03754039108753204
357702,0.037528157234191895
357095,0.03722603619098663
359382,0.036990996450185776
356749,0.03674996271729469
358464,0.03665543720126152
363143,0.03660888224840164
364721,0.03644620254635811
356183,0.03639473766088486
359852,0.03639473766088486
364986,0.03638772293925285
359771,0.036370113492012024
356225,0.036370113492012024
356065,0.036326806992292404
359668,0.036326806992292404
361118,0.03607025370001793
364307,0.03596797585487366
364321,0.035748694092035294
358626,0.03570060059428215
361547,0.035024695098400116
361551,0.03498505428433418
363155,0.03492613509297371
353847,0.0341779887676239
359143,0.03410981968045235
358237,0.03400202468037605
355429,0.033976901322603226
354968,0.0335032120347023
355201,0.03348788246512413
363759,0.03339622542262077
357068,0.033378247171640396
359673,0.03332393988966942
356411,0.032994937151670456
360066,0.032994937151670456
355196,0.032882872968912125
355347,0.03262486681342125
364728,0.03261135518550873
362127,0.03251750394701958
354569,0.032508738338947296
355755,0.03222553804516792
363130,0.03209749236702919
357094,0.03207586333155632
353556,0.031899165362119675
360090,0.03175605833530426
356017,0.031752508133649826
359608,0.031752508133649826
364495,0.03174835816025734
358466,0.03167251870036125
357128,0.0316593311727047
363788,0.031620316207408905
363696,0.031405940651893616
358232,0.03133175149559975
357304,0.031191295012831688
354258,0.031103814020752907
356630,0.03105982579290867
363129,0.03102513961493969
356632,0.030977757647633553
357287,0.03084622696042061
362132,0.030798345804214478
356781,0.030714234337210655
355759,0.030560970306396484
361836,0.030381102114915848
364926,0.029931198805570602
360600,0.029575861990451813
364452,0.029567008838057518
357883,0.029516715556383133
356413,0.02950926683843136
360069,0.02950926683843136
360065,0.029245931655168533
363756,0.029245931655168533
361867,0.029045673087239265
362131,0.028966322541236877
359134,0.02863771840929985
358481,0.02852567844092846
364612,0.02824357897043228
357103,0.02813960425555706
358066,0.028108695521950722
363697,0.027846258133649826
360294,0.027762139216065407
352329,0.027627676725387573
362858,0.0275713000446558
355436,0.027397776022553444
360951,0.02738798037171364
360730,0.027156997472047806
355751,0.027004819363355637
364628,0.02697712741792202
358036,0.026707231998443604
353586,0.026650860905647278
361018,0.02657839097082615
361442,0.026570355519652367
352497,0.026522796601057053
352870,0.026441305875778198
355091,0.02642427571117878
357715,0.026179732754826546
355794,0.026151038706302643
358260,0.025692518800497055
364603,0.02566251903772354
354260,0.025517385452985764
359831,0.02546822465956211
361986,0.025383582338690758
355418,0.02533007599413395
361408,0.025255046784877777
362144,0.02524164505302906
364993,0.025104675441980362
354826,0.024722455069422722
359494,0.024673109874129295
364788,0.02464273013174534
357474,0.024558011442422867
355156,0.024547766894102097
357858,0.02436869964003563
361263,0.024310650303959846
354435,0.024153416976332664
362586,0.02414241060614586
354022,0.024136535823345184
358983,0.02407289296388626
361437,0.024068908765912056
356639,0.024009326472878456
364314,0.023986632004380226
364976,0.0239582322537899
362727,0.023875240236520767
355559,0.023760415613651276
359498,0.023729117587208748
363455,0.02372785471379757
362002,0.02361541986465454
353227,0.023594843223690987
353065,0.023593658581376076
361545,0.02357262186706066
355403,0.02351338230073452
364454,0.023511532694101334
355761,0.023407835513353348
358067,0.023394307121634483
358044,0.023328954353928566
363900,0.023328954353928566
357081,0.023305421695113182
355382,0.023108668625354767
364599,0.023019669577479362
357079,0.022917702794075012
363124,0.022813070565462112
357112,0.02276567928493023
360563,0.022758901119232178
364963,0.022739628329873085
361566,0.02270197682082653
356617,0.02258656919002533
362451,0.02256140299141407
354667,0.022560477256774902
353376,0.022550396621227264
354804,0.02242773398756981
352344,0.022380586713552475
361550,0.022223277017474174
353568,0.02222183719277382
357222,0.022133301943540573
359469,0.022120401263237
358621,0.02205205149948597
364458,0.022020040079951286
360282,0.02199813723564148
363918,0.02195688895881176
355827,0.02183927409350872
358463,0.021830882877111435
355756,0.021798714995384216
359227,0.02178596332669258
353083,0.021712884306907654
358421,0.021697262302041054
357705,0.02168530598282814
359131,0.021664880216121674
354048,0.021643798798322678
353848,0.02148887701332569
364705,0.021468397229909897
357509,0.021427705883979797
358443,0.021398724988102913
352249,0.021362202242016792
352343,0.02126040682196617
364778,0.02112681418657303
360287,0.021041348576545715
354795,0.02104080840945244
355673,0.021025026217103004
361285,0.020972630009055138
353407,0.02084336243569851
363767,0.0208108052611351
361857,0.020722948014736176
355776,0.020661117509007454
362151,0.020596258342266083
358459,0.020538730546832085
353835,0.020446425303816795
355428,0.020442361012101173
362171,0.020338280126452446
361298,0.02024335227906704
355808,0.020213577896356583
354256,0.020198196172714233
356638,0.020173821598291397
362125,0.020127061754465103
362458,0.020087214186787605
363345,0.020081816241145134
364189,0.020037304610013962
362298,0.020026935264468193
360072,0.019880229607224464
358568,0.019876547157764435
357101,0.019631817936897278
360269,0.019625641405582428
364999,0.01962367258965969
360597,0.019538020715117455
355166,0.019458167254924774
355417,0.019182972609996796
352699,0.019095681607723236
364779,0.019059505313634872
354428,0.01905757561326027
359247,0.018920984119176865
354973,0.018897948786616325
357058,0.01886027306318283
360591,0.01877223514020443
353172,0.018759701400995255
357286,0.018630309030413628
357527,0.018561916425824165
357092,0.01854551024734974
356052,0.01843886636197567
359650,0.01843886636197567
358592,0.018437037244439125
361835,0.018423782661557198
356403,0.018397590145468712
360058,0.018397590145468712
353578,0.018317852169275284
359653,0.018306521698832512
356055,0.018306521698832512
362848,0.0182654932141304
361459,0.018030580133199692
354942,0.017972789704799652
357324,0.017956428229808807
364319,0.017908310517668724
356409,0.0178426131606102
360064,0.0178426131606102
354820,0.01764991134405136
357526,0.01762540638446808
352508,0.01756393536925316
352522,0.017547979950904846
358725,0.0174783393740654
358059,0.017436349764466286
357700,0.017373742535710335
354792,0.017362724989652634
357091,0.017273250967264175
362208,0.017234157770872116
355557,0.017184140160679817
363896,0.01718158833682537
352493,0.0170205757021904
364734,0.017016468569636345
361128,0.01699262112379074
362934,0.016978122293949127
360567,0.016943203285336494
364179,0.016934096813201904
357668,0.016753820702433586
356569,0.01667700707912445
357297,0.016672683879733086
363322,0.016662446781992912
354947,0.016599949449300766
360226,0.016583025455474854
353248,0.016545377671718597
354930,0.016542134806513786
358410,0.0165240541100502
358624,0.016401177272200584
358480,0.016231292858719826
356624,0.01615656353533268
359385,0.01609973981976509
354459,0.016069984063506126
363754,0.016047094017267227
361146,0.01602499559521675
360594,0.015969909727573395
363320,0.01587616093456745
353385,0.01584307849407196
354939,0.01582406274974346
357885,0.01572122424840927
360979,0.015610032714903355
357482,0.015588132664561272
364695,0.015587839297950268
354054,0.015487593598663807
358833,0.015469084493815899
358442,0.015466623939573765
364640,0.015414251014590263
362918,0.01539668906480074
356966,0.015375790186226368
361137,0.015338988974690437
355563,0.015151804313063622
363158,0.015132881700992584
359220,0.01504922192543745
364689,0.01500661950558424
364718,0.014953237026929855
363149,0.014908744022250175
355181,0.014640908688306808
356859,0.01462095882743597
356565,0.014471827074885368
360593,0.014444797299802303
359828,0.01431005448102951
356165,0.01431005448102951
353545,0.014245782978832722
359603,0.014205275103449821
360281,0.014176244847476482
361024,0.01410826575011015
361575,0.014064597897231579
362246,0.014061260968446732
364182,0.014055939391255379
361234,0.014051777310669422
362220,0.014049927704036236
355193,0.013924728147685528
355420,0.01391129195690155
357064,0.013864860869944096
362891,0.013857437297701836
360954,0.013856048695743084
352332,0.013853078708052635
354177,0.013837426900863647
354443,0.013820135034620762
358846,0.01374688372015953
357490,0.013738902285695076
363863,0.013686883263289928
353209,0.013639446347951889
352253,0.013621085323393345
356608,0.013614391908049583
362480,0.01360502652823925
363895,0.013553794473409653
358239,0.013536076992750168
362479,0.013528444804251194
360263,0.013460502959787846
364767,0.013357505202293396
357888,0.013297096826136112
359222,0.013253636658191681
363276,0.013232768513262272
359954,0.013205443508923054
356311,0.013205443508923054
355884,0.013183625414967537
354679,0.01316913589835167
355458,0.013124569319188595
356386,0.012881859205663204
360039,0.012881859205663204
359376,0.012869137339293957
363328,0.012836565263569355
360251,0.012819748371839523
361292,0.012808588333427906
353201,0.012785871513187885
356756,0.01277206651866436
359737,0.012689216993749142
356140,0.012689216993749142
357295,0.012688123621046543
360655,0.012686582282185555
357319,0.012662534601986408
359491,0.012652899138629436
363905,0.012546822428703308
358157,0.012540915980935097
358006,0.012493829242885113
360034,0.012493481859564781
364715,0.012459424324333668
356420,0.012422860600054264
360077,0.012422860600054264
359607,0.01240894477814436
356016,0.01240894477814436
362869,0.012357428669929504
361269,0.012329972349107265
360029,0.012320011854171753
355677,0.012270154431462288
354810,0.012240801937878132
354421,0.012206798419356346
355780,0.012206798419356346
360053,0.012206798419356346
356399,0.012206798419356346
358432,0.012205775827169418
352494,0.012182116508483887
352670,0.012092511169612408
362176,0.012090232223272324
364703,0.012082478031516075
355816,0.01203958597034216
358616,0.011977902613580227
356304,0.011975442990660667
359946,0.011975442990660667
357209,0.01194100733846426
360230,0.011926693841814995
360293,0.01191096380352974
364470,0.011843719519674778
358431,0.011792137287557125
360286,0.011752317659556866
363584,0.011563995853066444
364135,0.011560873128473759
361860,0.011532405391335487
361150,0.011520669795572758
364048,0.011504764668643475
360516,0.011476309038698673
353077,0.011472008191049099
355549,0.011455537751317024
361000,0.011404454708099365
360923,0.011352392844855785
354824,0.011296150274574757
354673,0.011291910894215107
363906,0.01127263531088829
360254,0.011257174424827099
357466,0.01121911033987999
352503,0.01121422927826643
364011,0.011180398054420948
357498,0.011179253458976746
363712,0.011170891113579273
352342,0.01113444846123457
359656,0.01112630870193243
363338,0.011085690930485725
360991,0.011085215955972672
353571,0.011055189184844494
364467,0.011034001596271992
357709,0.011011587455868721
357493,0.01099320873618126
358046,0.010977371595799923
362285,0.010959447361528873
364320,0.010944422334432602
361277,0.010904132388532162
361845,0.010904132388532162
362955,0.010887292213737965
358911,0.010851514525711536
359762,0.010799366049468517
356216,0.010799366049468517
363682,0.01077212579548359
354662,0.010771719738841057
352337,0.010753225535154343
363459,0.010708143934607506
355793,0.010688431560993195
358268,0.010666444897651672
356606,0.010659418068826199
364678,0.010601313784718513
358192,0.01057889498770237
355183,0.01057473849505186
363157,0.010537305846810341
360577,0.01053179893642664
357089,0.01051563210785389
357124,0.010513830929994583
361141,0.010501223616302013
358622,0.01046181283891201
359633,0.01045963540673256
357521,0.010447048582136631
362296,0.010405578650534153
363036,0.0103843929246068
359468,0.010348301380872726
359130,0.010323493741452694
364995,0.010314319282770157
361863,0.01025966927409172
352874,0.010164973326027393
360582,0.010155100375413895
356612,0.010133066214621067
360590,0.010125932283699512
360789,0.010099926963448524
357874,0.010090591385960579
359648,0.010088185779750347
359858,0.010081388987600803
356188,0.010081388987600803
361706,0.010074182413518429
352316,0.01006183959543705
362701,0.01005264837294817
361856,0.009999432601034641
362147,0.009966692887246609
354959,0.009946180507540703
358600,0.009878027252852917
354014,0.009872068651020527
363740,0.009833527728915215
364702,0.009791728109121323
361999,0.009756892919540405
357506,0.00972324050962925
355734,0.009720398113131523
358001,0.009715309366583824
358602,0.00966433621942997
364315,0.009663405828177929
359681,0.009540172293782234
362872,0.009515589103102684
359201,0.009506667964160442
355171,0.009401218965649605
357077,0.009381948038935661
363467,0.009372455067932606
361865,0.009364582598209381
356372,0.009322947822511196
360018,0.009322947822511196
355411,0.009322239086031914
353549,0.009316752664744854
362926,0.009297201409935951
363774,0.009287653490900993
353865,0.009274802170693874
354263,0.00920941773802042
355787,0.009203811176121235
356959,0.009186863899230957
355770,0.009164182469248772
359856,0.009027221240103245
356186,0.009027221240103245
361843,0.008949358016252518
361827,0.008871758356690407
356784,0.008867980912327766
360592,0.008865424431860447
352691,0.008863170631229877
355565,0.008825783617794514
362153,0.00881078839302063
353589,0.008804411627352238
357887,0.008776838891208172
357259,0.008756941184401512
357706,0.008752112276852131
364687,0.008748344145715237
358723,0.008747025392949581
363751,0.008720291778445244
360271,0.008702268823981285
352302,0.00868811272084713
355523,0.008682763203978539
358223,0.00866682454943657
356736,0.008662687614560127
363034,0.008661356754601002
358620,0.008641048334538937
355909,0.008618965744972229
357670,0.008617030456662178
356790,0.008601146750152111
357223,0.008597223088145256
353864,0.008571227081120014
362225,0.008521630428731441
360566,0.008519737049937248
355740,0.008460486307740211
355384,0.008380873128771782
353540,0.008351591415703297
360575,0.008343784138560295
356644,0.008339070715010166
354661,0.008338522166013718
364455,0.008332830853760242
357341,0.008309288881719112
354938,0.008300429210066795
354447,0.008271856233477592
352254,0.008270565420389175
364739,0.00823249202221632
359255,0.00813248660415411
358981,0.008116117678582668
357688,0.008080186322331429
361012,0.008074505254626274
364775,0.008072794415056705
360094,0.008029141463339329
359400,0.007995116524398327
364044,0.007973727770149708
363780,0.007969335652887821
360654,0.007910613901913166
364172,0.00790004525333643
358040,0.007897033356130123
361166,0.007888486608862877
354027,0.00786625687032938
361864,0.007796089164912701
357107,0.007686625700443983
358451,0.007637274917215109
357302,0.0076363105326890945
357221,0.007611053995788097
363341,0.0075616915710270405
364493,0.007527106441557407
354401,0.007447745185345411
354618,0.007435667794197798
363868,0.007374987006187439
363282,0.007365623023360968
354470,0.007193304132670164
353561,0.007192895747721195
364193,0.0071828169748187065
355731,0.007177075371146202
355737,0.007152944337576628
359116,0.007147535216063261
358844,0.0071471319533884525
354807,0.0071289208717644215
363684,0.00712704798206687
353825,0.007125367876142263
363138,0.007062738761305809
354759,0.007037692703306675
362230,0.007011386565864086
358726,0.006979932077229023
357497,0.006922117434442043
362930,0.006918945349752903
358604,0.006882981862872839
362450,0.006882179994136095
364163,0.006879361812025309
355501,0.006878742948174477
359654,0.006858221720904112
352696,0.0068340543657541275
354573,0.006829418241977692
358974,0.0068244850262999535
354818,0.0068034701980650425
360609,0.006788208615034819
357320,0.006766974925994873
358769,0.00667899614199996
358736,0.006676430813968182
355188,0.006669341586530209
355146,0.006656613666564226
361851,0.006648496724665165
355775,0.006636905018240213
355806,0.0066222744062542915
354801,0.006608092226088047
356629,0.006599098909646273
360849,0.00658801756799221
362241,0.006586198229342699
353399,0.00658238073810935
363773,0.006564037408679724
362733,0.0065547809936106205
352872,0.006544821429997683
356614,0.006527367979288101
357682,0.00652682688087225
360393,0.006522125564515591
361261,0.0065194349735975266
355389,0.006489560939371586
354245,0.006481608841568232
360391,0.0064809308387339115
362486,0.006472974084317684
360955,0.006469472777098417
360406,0.006412671413272619
355800,0.006407083477824926
352692,0.006391581613570452
356214,0.006384184584021568
359759,0.006384184584021568
364480,0.006353845354169607
360825,0.006336825434118509
360081,0.00633560074493289
356424,0.00633560074493289
363902,0.006323961075395346
352320,0.006277765613049269
357233,0.006275579798966646
356792,0.0062737599946558475
361129,0.006221286952495575
354238,0.00621631508693099
364496,0.006214842665940523
362855,0.006209637504070997
352309,0.0062036761082708836
355519,0.0062018949538469315
352685,0.006198083981871605
364041,0.0061895838007330894
361570,0.006173162255436182
356187,0.00616318266838789
359857,0.00616318266838789
360468,0.006146463565528393
353890,0.006143481936305761
359925,0.0061209071427583694
356288,0.0061209071427583694
359477,0.006074346136301756
356774,0.006064209155738354
361294,0.006060181185603142
357488,0.006058230996131897
359084,0.006049675401300192
360513,0.0059977369382977486
365073,0.005995781160891056
360649,0.005962345749139786
355426,0.005960837006568909
354629,0.00592674408107996
357274,0.005873565562069416
364184,0.005872324109077454
356605,0.005859602242708206
363571,0.005819294601678848
357567,0.005818171892315149
352495,0.0058153122663497925
364303,0.005788074806332588
358960,0.005779692903161049
354658,0.005741401109844446
361302,0.005741374101489782
352331,0.005715521518141031
354220,0.00569384079426527
354430,0.005691614001989365
355204,0.005689491052180529
361559,0.005664942320436239
364643,0.0056632449850440025
354448,0.00565959420055151
362136,0.0056388298980891705
357882,0.005635248962789774
356745,0.005631175823509693
353592,0.005578993819653988
354967,0.005570128094404936
360233,0.005535445641726255
362929,0.0055191428400576115
363020,0.005512119736522436
358256,0.005502328742295504
364020,0.005499556194990873
354799,0.005486393813043833
355150,0.005471557378768921
354471,0.005467744544148445
362449,0.005459971260279417
358227,0.005447052884846926
358993,0.005442335270345211
361859,0.005434878636151552
354596,0.0053690047934651375
352557,0.005362543277442455
360559,0.005337025038897991
360288,0.005332794971764088
358193,0.005320258904248476
358037,0.005319703835994005
364023,0.005314468406140804
355814,0.005313525442034006
361778,0.005313525442034006
354235,0.005312945693731308
358610,0.005272668320685625
358054,0.005255178548395634
363909,0.005255178548395634
356068,0.005238295067101717
357478,0.005237971898168325
353560,0.005237971898168325
364776,0.005228201858699322
359481,0.005224418360739946
353234,0.005210489965975285
358250,0.005202253814786673
358975,0.005196686834096909
362715,0.005193005315959454
362890,0.005178140476346016
353860,0.00517183868214488
355815,0.005163300782442093
363336,0.005162299145013094
364150,0.005158083979040384
364484,0.005154833197593689
361432,0.005138726439327002
357628,0.005137244239449501
361136,0.005112475249916315
360534,0.0050926352851092815
358717,0.005069739650934935
359950,0.005069439299404621
362859,0.005067991092801094
360833,0.005055846646428108
353851,0.005049389321357012
353198,0.005048577208071947
363319,0.005043580662459135
355678,0.005043142940849066
357692,0.005027726758271456
364295,0.005023063160479069
362074,0.005019499454647303
360855,0.005007491912692785
364780,0.005006898194551468
354951,0.00499113742262125
360015,0.004979258868843317
356369,0.004979258868843317
362301,0.004979086574167013
359141,0.004953538998961449
364670,0.004944345913827419
360082,0.004941294435411692
356611,0.0049387142062187195
356765,0.004885456990450621
352507,0.004859757609665394
359636,0.004854537080973387
364462,0.004849584307521582
352819,0.004843614064157009
364186,0.004841879475861788
355221,0.004830790217965841
362203,0.004817203618586063
363776,0.004812654573470354
353178,0.004752693232148886
359819,0.004717954900115728
356156,0.004717954900115728
356734,0.004717954900115728
354669,0.0047143022529780865
357066,0.004708406049758196
359782,0.004707701969891787
356246,0.004707701969891787
362152,0.004694839473813772
359841,0.004694743547588587
356173,0.004694743547588587
357699,0.004688119515776634
356951,0.004676379729062319
361270,0.004675108008086681
359373,0.0046631768345832825
355745,0.004641978070139885
364485,0.004641522187739611
361718,0.004635756369680166
358837,0.004632206168025732
358214,0.004631819203495979
358254,0.0046080718748271465
358989,0.004598447121679783
357513,0.004597044084221125
354813,0.004569170530885458
360589,0.004566831048578024
363121,0.004560772329568863
357282,0.004556102678179741
365008,0.004542599897831678
353032,0.004542529117316008
361313,0.0045224339701235294
361574,0.004515748005360365
356960,0.004502586554735899
352857,0.004495073575526476
358300,0.004458510782569647
353247,0.004453190602362156
357717,0.004436470568180084
354675,0.004436200950294733
362736,0.004428771324455738
355375,0.004428170155733824
362717,0.00442467350512743
360046,0.004399992059916258
355386,0.004385323263704777
361436,0.004371674731373787
361556,0.004360651131719351
354612,0.004358980339020491
355178,0.004358765669167042
364109,0.004347320180386305
364176,0.0043440768495202065
360231,0.004340726882219315
363040,0.004336747340857983
363317,0.00432958360761404
358987,0.004316782113164663
359244,0.00431388895958662
357281,0.004292336758226156
359674,0.0042695519514381886
356594,0.0042620073072612286
361296,0.0042589325457811356
355397,0.004257852677255869
364667,0.0042481073178350925
354756,0.004237923305481672
356119,0.004237923305481672
359731,0.004237923305481672
354672,0.004234600346535444
362866,0.004230954684317112
363746,0.0042282515205442905
362871,0.004225710406899452
364475,0.004225710406899452
363730,0.004218575544655323
363261,0.004212008323520422
356387,0.004211782477796078
360040,0.004211782477796078
354262,0.004208891652524471
361989,0.004208146128803492
361144,0.004206328187137842
353200,0.00419749366119504
353074,0.004176669288426638
353220,0.004163236357271671
358470,0.0041591026820242405
354819,0.004130163230001926
357119,0.004129922017455101
358847,0.0041151028126478195
357701,0.004081092309206724
360079,0.004076050594449043
356422,0.004076050594449043
355202,0.004070375580340624
356316,0.004069948103278875
359961,0.004069948103278875
358742,0.004064794629812241
355769,0.004032966215163469
364030,0.004032962489873171
355555,0.004027741029858589
358034,0.003999706357717514
354223,0.0039885807782411575
354453,0.0039864578284323215
356787,0.003983647096902132
356944,0.003981093876063824
357656,0.0039782095700502396
354625,0.003965985029935837
364978,0.003965361509472132
357216,0.003965355455875397
353518,0.003965355455875397
361580,0.003961430862545967
353041,0.003957953304052353
364693,0.003935702610760927
356949,0.0039226096123456955
360063,0.003922260832041502
356408,0.003922260832041502
355212,0.00391586497426033
352683,0.003906331490725279
352871,0.003906101454049349
364251,0.003891205880790949
352660,0.003889871295541525
360820,0.0038835613522678614
364323,0.0038737952709198
359398,0.0038693672977387905
364961,0.0038649162743240595
362219,0.003861118108034134
360661,0.003854640293866396
363039,0.003854640293866396
354246,0.003851876826956868
354780,0.003846862819045782
357115,0.0038348271045833826
364203,0.003833422902971506
363752,0.0038257737178355455
360232,0.0038077973295003176
358849,0.0038074394688010216
356305,0.0038066073320806026
359947,0.0038066073320806026
354606,0.003801899729296565
357849,0.0038014142774045467
353043,0.003800509497523308
364045,0.0037993977311998606
360583,0.003795072203502059
355379,0.003780294908210635
357866,0.0037689697928726673
358258,0.003768117632716894
353045,0.003766183042898774
363145,0.0037635755725204945
355900,0.0037531631533056498
360576,0.003751396667212248
363102,0.0037395800463855267
358444,0.0037156406324356794
358946,0.0037120815832167864
356789,0.0036974032409489155
353047,0.0036964055616408587
363167,0.0036959610879421234
355791,0.0036852085031569004
361114,0.003677051980048418
360596,0.0036770065780729055
364478,0.0036691068671643734
356180,0.003666247008368373
359849,0.003666247008368373
361837,0.0036647480446845293
360386,0.0036600828170776367
358479,0.0036491339560598135
354007,0.0036474664229899645
357519,0.003646108089014888
358734,0.003642738563939929
361594,0.0036425916478037834
355362,0.003640842391178012
358213,0.0036357794888317585
363439,0.0036345876287668943
353569,0.0036296749021857977
352880,0.0035951805766671896
354619,0.0035938159562647343
358138,0.0035897083580493927
355147,0.0035861318465322256
363478,0.0035793143324553967
356610,0.0035781546030193567
363465,0.0035645237658172846
364472,0.003562397323548794
353558,0.0035543341655284166
355566,0.003552436362951994
357456,0.0035509481094777584
352476,0.0035492866300046444
354616,0.0035377901513129473
363146,0.003526476677507162
354798,0.0035246675834059715
364753,0.003521936945617199
357893,0.0035186451859772205
355561,0.003516358556225896
354049,0.0035067794378846884
364672,0.0035056518390774727
359393,0.003501606173813343
363289,0.0034637642093002796
362481,0.0034530903212726116
359941,0.0034204325638711452
356300,0.0034204325638711452
358968,0.003416648833081126
355431,0.0034155661705881357
355671,0.0034024249762296677
357093,0.003402185393497348
357693,0.0033926295582205057
359253,0.003383629024028778
355895,0.0033824259880930185
359339,0.0033632242120802402
361822,0.0033569405786693096
361456,0.003350974526256323
360062,0.0033423490822315216
356407,0.0033423490822315216
353855,0.003337231930345297
361707,0.003333674743771553
364318,0.0033326325938105583
355757,0.003327862359583378
352888,0.003323609009385109
357303,0.003314509056508541
354643,0.003314509056508541
359657,0.003314509056508541
356057,0.003314509056508541
358048,0.003314509056508541
361001,0.003314509056508541
362226,0.003314509056508541
355527,0.003306400263682008
354178,0.0032994241919368505
361280,0.003290856257081032
363914,0.003279232420027256
352684,0.0032790424302220345
353229,0.0032749183010309935
353415,0.003268039785325527
360250,0.0032429290004074574
356195,0.0032423955854028463
361015,0.0032360402401536703
358828,0.003232481423765421
360645,0.0032279735896736383
357441,0.0032265563495457172
360998,0.0032160577829927206
356968,0.003212377429008484
363755,0.0032096439972519875
357902,0.0032083354890346527
355540,0.0032071613240987062
364694,0.0032071371097117662
353879,0.0032051177695393562
353383,0.0031889008823782206
358455,0.003170840675011277
358977,0.003170840675011277
359483,0.003170840675011277
360584,0.003170840675011277
362473,0.003170840675011277
364675,0.003170840675011277
353823,0.0031663146801292896
358061,0.003164909314364195
362463,0.003155514830723405
358456,0.0031542088836431503
360648,0.0031490777619183064
352705,0.003139503300189972
354604,0.0031279323156923056
357116,0.0031268068123608828
353831,0.0031235385686159134
354642,0.003120250068604946
354836,0.0031150279100984335
357067,0.0031023428309708834
364293,0.0031010557431727648
353394,0.0030817403458058834
355556,0.003068379359319806
361010,0.0030643243808299303
352480,0.003061240538954735
353366,0.0030489119235426188
352305,0.003044811310246587
354432,0.003042747965082526
358033,0.003040992422029376
358452,0.0030385241843760014
355546,0.0030320712830871344
353236,0.0030319876968860626
358693,0.003025237936526537
362472,0.003023874945938587
359827,0.0030186825897544622
363453,0.0030153836123645306
357897,0.0030106569174677134
361262,0.003001058241352439
362247,0.0029965490102767944
363442,0.002995986258611083
363023,0.0029959736857563257
357275,0.0029906099662184715
362478,0.002990467706695199
361565,0.0029748387169092894
352488,0.002973120892420411
355373,0.002966473577544093
352330,0.0029645701870322227
355905,0.0029589675832539797
356962,0.0029589675832539797
363147,0.00295830937102437
357907,0.0029407497495412827
356742,0.0029369003605097532
353233,0.0029325943905860186
361312,0.00293157109990716
364309,0.0029298115987330675
357904,0.002922499319538474
357712,0.002914413809776306
354778,0.002914200536906719
360814,0.0029140093829482794
359851,0.0029113227501511574
356182,0.0029113227501511574
360225,0.0029044640250504017
363569,0.002903197892010212
361709,0.00289999321103096
359369,0.0028987880796194077
359272,0.0028948960825800896
363898,0.002894833916798234
356410,0.002894535195082426
361996,0.0028880578465759754
353030,0.002887935610488057
355361,0.002887935610488057
356033,0.002887935610488057
359625,0.002887935610488057
356777,0.0028862664476037025
360529,0.0028741497080773115
358253,0.002873221877962351
354622,0.0028696979861706495
362101,0.0028594720643013716
354040,0.0028523956425487995
353405,0.0028510955162346363
353056,0.0028478275053203106
353231,0.002840939676389098
358030,0.002838210901245475
352280,0.0028378842398524284
357455,0.0028376318514347076
360652,0.002837470034137368
359361,0.0028352434746921062
359642,0.002804639982059598
356045,0.002804639982059598
358064,0.0027998099103569984
361849,0.0027908177580684423
361705,0.002784375799819827
362724,0.0027836954686790705
364996,0.0027836954686790705
356776,0.002774616703391075
364898,0.0027676864992827177
361152,0.0027665155939757824
364592,0.0027633036952465773
364302,0.0027579921297729015
363441,0.002745883772149682
362864,0.002737482311204076
355548,0.0027366047725081444
354446,0.0027321462985128164
354978,0.002726122038438916
359270,0.0027062934823334217
353396,0.0026858514174818993
354039,0.002685523359104991
359784,0.0026839745696634054
356248,0.0026839745696634054
356957,0.0026796585880219936
355773,0.002674564952030778
361273,0.0026726755313575268
353861,0.002667933702468872
354821,0.002667933702468872
362154,0.0026678587310016155
361463,0.002664753468707204
360572,0.0026619911659508944
364047,0.0026602447032928467
355380,0.002650838578119874
364743,0.0026495656929910183
356484,0.0026431430596858263
360147,0.0026431430596858263
357841,0.0026408652774989605
352651,0.0026407886762171984
355812,0.0026394024025648832
363161,0.002624735701829195
364706,0.002624735701829195
364316,0.0026129023171961308
357502,0.0026117046363651752
356014,0.0026057034265249968
359605,0.0026057034265249968
360249,0.0026052300818264484
364305,0.0026036917697638273
356941,0.0026001203805208206
355197,0.002596084726974368
355152,0.002595556201413274
361847,0.0025917780585587025
358733,0.0025898360181599855
364006,0.0025884888600558043
352865,0.0025777071714401245
352298,0.002577359089627862
354842,0.0025734149385243654
357106,0.0025688500609248877
354790,0.0025616639759391546
354958,0.0025590138975530863
358282,0.0025589021388441324
364200,0.0025589021388441324
362735,0.0025518250185996294
364748,0.0025516818277537823
355525,0.0025441779289394617
357817,0.0025402894243597984
355402,0.002538783010095358
358331,0.002527870237827301
364253,0.002527870237827301
354576,0.002499273046851158
362734,0.002490390557795763
355364,0.0024897854309529066
354668,0.0024884003214538097
357856,0.0024718705099076033
361577,0.002471336629241705
357852,0.0024646606761962175
360976,0.00246292632073164
352654,0.002456466667354107
355567,0.002447128761559725
358430,0.0024302538949996233
362914,0.0024218421895056963
364488,0.0024168635718524456
354234,0.0024155257269740105
355378,0.0024062732700258493
358197,0.002401848556473851
353051,0.0023988764733076096
356120,0.0023979225661605597
359732,0.0023979225661605597
356911,0.0023969030007719994
358172,0.0023933928459882736
364167,0.0023933928459882736
357445,0.002385432831943035
363032,0.0023828980047255754
359391,0.002379284705966711
359777,0.002378871664404869
353243,0.0023768660612404346
353885,0.0023768660612404346
354850,0.0023768660612404346
355911,0.0023768660612404346
356313,0.0023768660612404346
359956,0.0023768660612404346
356969,0.0023768660612404346
353403,0.0023740725591778755
355521,0.0023735903669148684
363763,0.002372025977820158
360842,0.002365985419601202
358199,0.002363681560382247
359390,0.002361300168558955
355729,0.00235829153098166
355716,0.0023398506455123425
358273,0.002339744009077549
364196,0.002339744009077549
359945,0.002335227094590664
356303,0.002335227094590664
363580,0.002333288313820958
361160,0.0023309250827878714
354211,0.0023294929414987564
354607,0.0023291681427508593
353843,0.002322486136108637
361828,0.002309169853106141
357290,0.0022996694315224886
363339,0.002297258237376809
354024,0.002295413985848427
358569,0.0022796406410634518
358601,0.002278545405715704
353033,0.002277068328112364
357889,0.0022758403792977333
355917,0.0022719327826052904
361306,0.0022704123985022306
362850,0.002260766690596938
353875,0.0022598151117563248
361721,0.002256751758977771
355705,0.0022539417259395123
358276,0.002245906973257661
357291,0.002241848036646843
365004,0.0022413074038922787
363590,0.0022345026955008507
356307,0.002232481725513935
354261,0.0022244194988161325
353888,0.0022171500604599714
358144,0.002213607542216778
363472,0.002213254803791642
360581,0.002211561193689704
363131,0.0022071669809520245
355538,0.002207147190347314
361290,0.0022062903735786676
356950,0.0022018314339220524
360278,0.002198819536715746
355725,0.002191350096836686
355215,0.002189071150496602
355822,0.002189071150496602
356429,0.002189071150496602
360088,0.002189071150496602
357122,0.002189071150496602
361433,0.002178455237299204
358211,0.002176772803068161
361278,0.002175455680117011
356179,0.0021747632417827845
359848,0.0021747632417827845
355753,0.00217305775731802
363123,0.002168433740735054
364597,0.002168433740735054
360264,0.0021679343190044165
364709,0.0021604616194963455
354565,0.002157691866159439
359860,0.0021569468080997467
356601,0.0021476971451193094
353587,0.0021453979425132275
352858,0.0021430463530123234
356753,0.0021394824143499136
353867,0.0021364660933613777
359500,0.0021307291463017464
356050,0.0021249582059681416
359647,0.0021249582059681416
354413,0.0021216149907559156
356421,0.0021215726155787706
360078,0.0021215726155787706
359626,0.0021205178927630186
356034,0.0021205178927630186
354229,0.002116264309734106
353878,0.0021162349730730057
353541,0.002110313391312957
356637,0.0021102018654346466
360653,0.0021029135677963495
352693,0.0020928531885147095
354013,0.0020852398592978716
352877,0.002072864444926381
358195,0.002070880960673094
355792,0.0020691019017249346
364148,0.0020602429285645485
359268,0.0020588014740496874
357109,0.002058531856164336
352876,0.002057714154943824
363480,0.0020555327646434307
354465,0.0020535432267934084
352710,0.0020500936079770327
356418,0.002034879056736827
360074,0.002034879056736827
364012,0.00203214050270617
357442,0.002029518596827984
358220,0.0020262182224541903
354613,0.0020237783901393414
356932,0.0020224901381880045
357489,0.002014636527746916
362243,0.002012977609410882
361162,0.0020101030822843313
360409,0.0020091868937015533
354828,0.001998938387259841
355772,0.001998938387259841
354971,0.0019953600130975246
353870,0.001994327176362276
362469,0.0019899767357856035
356953,0.0019880863837897778
355203,0.0019804451148957014
355899,0.0019696145318448544
357100,0.001960070338100195
356757,0.0019584749825298786
363770,0.0019530635327100754
361266,0.0019514784216880798
357261,0.0019472435815259814
362800,0.0019361418671905994
354928,0.001931082340888679
352487,0.0019226163858547807
356783,0.0019159966614097357
364008,0.001892958185635507
361690,0.0018908961210399866
354854,0.0018905786564573646
357848,0.001881138072349131
363288,0.0018783521372824907
354855,0.0018732481403276324
362273,0.0018648328259587288
358462,0.001863875426352024
359389,0.0018634072039276361
354966,0.0018604083452373743
355434,0.0018572198459878564
356075,0.0018572198459878564
359680,0.0018572198459878564
356642,0.0018572198459878564
358071,0.0018572198459878564
363923,0.0018572198459878564
354442,0.0018543907208368182
361147,0.0018539662705734372
364692,0.0018495585536584258
362941,0.0018471824005246162
364686,0.0018463210435584188
357086,0.0018450261559337378
357862,0.00184369005728513
357300,0.0018434778321534395
359110,0.0018428032053634524
363154,0.0018350965110585093
363477,0.001832107431255281
362470,0.0018313053296878934
360388,0.0018276871414855123
356588,0.0018264001701027155
360553,0.0018262384692206979
352484,0.0018252070294693112
358264,0.0018208001274615526
355748,0.001817310811020434
352307,0.0018151703989133239
359863,0.0018125742208212614
356189,0.0018125742208212614
363886,0.0018081151647493243
363479,0.0018079696455970407
353080,0.001794179668650031
361581,0.001792831695638597
360854,0.0017862506210803986
359610,0.0017608192283660173
356018,0.0017608192283660173
355179,0.001759131089784205
357695,0.0017562680877745152
362155,0.0017562403809279203
353241,0.001753373770043254
359132,0.0017453073523938656
360401,0.0017453073523938656
364639,0.0017446887213736773
360588,0.0017326913075521588
359142,0.0017250067321583629
354817,0.0017167013138532639
360085,0.0017140669515356421
356426,0.0017140669515356421
354417,0.0017082577105611563
357671,0.0017071139300242066
362925,0.0017065597930923104
357676,0.0016961003420874476
357321,0.0016961003420874476
356384,0.0016961003420874476
360037,0.0016961003420874476
356763,0.0016961003420874476
358207,0.0016961003420874476
358212,0.0016961003420874476
360827,0.0016961003420874476
364729,0.0016961003420874476
362233,0.0016842897748574615
358819,0.001684145419858396
359837,0.0016694798832759261
360985,0.00166947185061872
363476,0.0016668759053573012
358970,0.001663697068579495
354911,0.0016608238220214844
352492,0.0016544571844860911
357285,0.0016525592654943466
356771,0.0016448042588308454
353868,0.0016427194932475686
361826,0.0016423793276771903
352291,0.0016416547587141395
354595,0.001640214235521853
359126,0.0016401142347604036
356599,0.0016293374355882406
364165,0.0016293118242174387
363304,0.0016263987636193633
362015,0.0016194822965189815
354061,0.0016180351376533508
358298,0.00161590741481632
361158,0.0016121992375701666
357318,0.0016113021411001682
354609,0.0016112606972455978
354628,0.0016067972173914313
364312,0.0016045536613091826
356037,0.001602923613972962
354044,0.0016018800670281053
365009,0.0015934744151309133
356890,0.001582518219947815
358029,0.0015809022588655353
353388,0.0015779397217556834
355545,0.0015779397217556834
364299,0.0015779397217556834
364666,0.0015779397217556834
359223,0.0015778322704136372
362490,0.0015762938419356942
352470,0.0015738342190161347
361715,0.0015729054575785995
357892,0.001572881476022303
363137,0.0015719218645244837
360651,0.001571341184899211
357485,0.0015667895786464214
353166,0.0015623680083081126
352301,0.0015610000118613243
356600,0.0015566828660666943
361698,0.0015566472429782152
360292,0.0015561544569209218
357292,0.001553308335132897
357661,0.0015498106367886066
356221,0.0015491172671318054
359768,0.0015491172671318054
360521,0.0015433678636327386
361445,0.0015411613276228309
360989,0.0015393998473882675
354226,0.0015343802515417337
357457,0.0015322515973821282
356918,0.001526506501249969
357471,0.001521000056527555
354935,0.0015187010867521167
361117,0.0015154320280998945
355168,0.0015130189713090658
356220,0.0015118279261514544
359767,0.0015118279261514544
355915,0.0015116243157535791
360049,0.0015094034606590867
356395,0.0015094034606590867
358178,0.0015066133346408606
361133,0.0015066133346408606
357507,0.0015042258892208338
364015,0.001502785598859191
358242,0.0015013373922556639
364464,0.001498569268733263
354402,0.0014970980118960142
359269,0.0014931323239579797
354831,0.0014806532999500632
358472,0.0014783969381824136
355424,0.0014648666838184
362284,0.0014648666838184
357484,0.00146092486102134
352465,0.0014573552180081606
352686,0.0014570922357961535
355532,0.0014555632369592786
357090,0.0014542858116328716
353416,0.0014512615744024515
358206,0.0014512615744024515
361008,0.00145050510764122
361287,0.0014484028797596693
361855,0.0014484028797596693
362477,0.0014484028797596693
363152,0.0014484028797596693
352520,0.001448108465410769
359263,0.0014461736427620053
360273,0.0014461736427620053
361003,0.0014461736427620053
361450,0.0014461736427620053
362227,0.0014461736427620053
364735,0.0014461736427620053
356795,0.001445687492378056
358835,0.001438598264940083
352658,0.0014374733436852694
364261,0.0014351247809827328
356070,0.0014346506213769317
361020,0.0014346506213769317
355542,0.0014264800120145082
353404,0.001421927590854466
356884,0.0014204524923115969
359340,0.0014204524923115969
363583,0.0014143383596092463
363038,0.001413817284628749
360492,0.0013916614698246121
357658,0.0013911003479734063
354944,0.0013882853090763092
357278,0.0013872100971639156
358063,0.0013837016886100173
364770,0.0013837016886100173
364717,0.0013784898910671473
355901,0.001371614052914083
360990,0.0013659123796969652
358605,0.001365261385217309
357294,0.0013621236430481076
362214,0.0013612210750579834
357850,0.0013542197411879897
358438,0.0013525846879929304
364286,0.0013525846879929304
354630,0.0013501348439604044
353833,0.0013493745354935527
354834,0.0013385465135797858
355522,0.0013348013162612915
361689,0.001329813851043582
363695,0.001328229089267552
364624,0.001326056313700974
358280,0.0013254780787974596
355916,0.001324860262684524
356315,0.001324860262684524
359960,0.001324860262684524
358482,0.0013229437172412872
357861,0.001321181538514793
352886,0.0013165477430447936
358593,0.0013157924404367805
355404,0.0013119482900947332
355789,0.0013104522367939353
361592,0.0013083266094326973
362149,0.0013030358823016286
364190,0.0013005801010876894
360556,0.0012985639041289687
354970,0.0012950135860592127
356245,0.00129437365103513
359781,0.00129437365103513
360260,0.001289092586375773
357314,0.0012883892050012946
354415,0.001286426093429327
352680,0.001285359961912036
358708,0.0012810785556212068
364022,0.0012688350398093462
354847,0.0012637085746973753
363862,0.0012611744459718466
356054,0.0012594092404469848
359652,0.0012594092404469848
361143,0.0012561171315610409
353579,0.0012507305946201086
357525,0.00123908172827214
358850,0.0012355308281257749
354407,0.001235517323948443
355679,0.001235517323948443
356390,0.001235517323948443
360043,0.001235517323948443
357069,0.001235517323948443
358434,0.001235517323948443
364669,0.0012318093795329332
354853,0.001229441026225686
360395,0.0012279307702556252
359371,0.001215692376717925
358980,0.001207886845804751
359488,0.001207886845804751
356634,0.0012028550263494253
362952,0.0012028550263494253
352715,0.00120259216055274
359113,0.0012007876066491008
352312,0.0011988425394520164
362860,0.0011952911736443639
358222,0.001193427131511271
355392,0.0011895479401573539
356405,0.0011870283633470535
357084,0.0011870283633470535
357458,0.0011850196169689298
357475,0.0011848509311676025
356314,0.0011836715275421739
359959,0.0011836715275421739
358956,0.0011764270020648837
359467,0.0011764270020648837
355155,0.0011753954458981752
354633,0.0011748441029340029
356044,0.0011743780924007297
359639,0.0011743780924007297
361710,0.0011650787200778723
355376,0.0011575998505577445
362287,0.00115034484770149
361576,0.001142708002589643
354440,0.0011406041448935866
362928,0.0011319105979055166
353857,0.0011305026710033417
356924,0.0011298572644591331
353075,0.0011228058720007539
362953,0.0011202956084161997
364038,0.0011188926873728633
360604,0.0011113055516034365
356773,0.0011108715552836657
356752,0.0011098756222054362
364468,0.0010887723183259368
354788,0.0010771510424092412
354950,0.0010742704616859555
358841,0.001074115396477282
357905,0.0010732075897976756
360279,0.0010694564552977681
364479,0.0010628352174535394
358008,0.0010536756599321961
358740,0.0010525353718549013
361589,0.0010525353718549013
362242,0.0010525353718549013
364201,0.001049512648023665
363315,0.0010484647937119007
361006,0.0010484493104740977
354943,0.0010476320749148726
363916,0.0010459970217198133
358269,0.0010445286752656102
364195,0.0010445286752656102
364194,0.0010424976935610175
360290,0.0010372590040788054
353386,0.001026092329993844
363128,0.001023562508635223
361308,0.0010210283799096942
360812,0.0010170619934797287
361685,0.0010170619934797287
359658,0.0010167089058086276
356058,0.0010167089058086276
361002,0.0010167089058086276
361446,0.0010167089058086276
354837,0.001015764893963933
355182,0.0010148647706955671
359362,0.0010126400738954544
360387,0.0010044468799605966
358834,0.0010019518667832017
354663,0.0009993483545258641
361460,0.0009993483545258641
358265,0.0009924996411427855
361848,0.000991298584267497
361021,0.0009897202253341675
361282,0.000984078273177147
358836,0.0009835477685555816
354239,0.0009767328156158328
360011,0.0009729980956763029
360558,0.0009680695366114378
361431,0.0009619576740078628
354423,0.0009613402071408927
355216,0.000959770695772022
355123,0.0009579202742315829
362916,0.000953627226408571
360786,0.0009535258286632597
359638,0.0009403563453815877
356043,0.0009403563453815877
355388,0.0009371681953780353
358709,0.0009361886768601835
358625,0.0009322291589342058
361692,0.0009319529053755105
358996,0.000930615293327719
361314,0.0009221493965014815
355813,0.0009174983715638518
359260,0.0009122768533416092
355762,0.0009077753638848662
361720,0.0009064266923815012
356306,0.0009025791077874601
357499,0.0008934800862334669
361286,0.0008934800862334669
353596,0.0008909102762117982
359507,0.0008905847207643092
364252,0.0008901915280148387
353054,0.0008880675886757672
357327,0.000883634143974632
354212,0.000883590430021286
358588,0.000883590430021286
362005,0.0008821585797704756
352282,0.0008792735752649605
362245,0.00087314925622195
364751,0.0008723217761144042
360810,0.0008719586185179651
353359,0.000867803581058979
364191,0.0008564700838178396
357237,0.0008561971480958164
359506,0.0008556335815228522
362823,0.0008553543593734503
360235,0.0008468843880109489
361976,0.0008463353733532131
358216,0.0008415666525252163
364964,0.0008372195879928768
362142,0.0008303428767248988
358731,0.0008063844288699329
354468,0.0008044687565416098
354796,0.0008025392889976501
355741,0.0008025392889976501
358167,0.0008025392889976501
364601,0.0008011925383470953
357468,0.0007976422784850001
361284,0.0007976422784850001
364610,0.0007976422784850001
355672,0.0007970204460434616
357307,0.000789868994615972
352866,0.0007859014440327883
356229,0.0007859014440327883
359775,0.0007859014440327883
357677,0.0007826840155757964
362174,0.0007800221210345626
361866,0.0007786804926581681
361123,0.0007762564346194267
361839,0.0007716604741290212
356746,0.0007600283133797348
363866,0.0007546659326180816
361028,0.0007493193261325359
359774,0.0007438641041517258
356228,0.0007438641041517258
357863,0.0007329984218813479
356589,0.0007272505317814648
364722,0.0007206144509837031
352472,0.0007085469551384449
360610,0.0007014952134341002
362824,0.0006884774775244296
362947,0.0006883649621158838
361854,0.0006751160835847259
353205,0.0006667725392617285
364289,0.0006577611202374101
357262,0.0006470907246693969
364278,0.0006447972264140844
364977,0.0005581447039730847
362895,0.0005436253268271685
358808,0.000535542843863368
354015,0.0004960690275765955
359121,0.0004826829244848341
355134,0.0004279146087355912
352558,0.0003713803016580641
376329,0.0
373644,0.0
365254,0.0
375177,0.0
371048,0.0
368703,0.0
376496,0.0
369160,0.0
373250,0.0
377450,0.0
377489,0.0
369183,0.0
375786,0.0
367385,0.0
372097,0.0
374437,0.0
372786,0.0
373652,0.0
368288,0.0
369001,0.0
373249,0.0
371557,0.0
367901,0.0
366990,0.0
366992,0.0
366277,0.0
370571,0.0
370278,0.0
376567,0.0
368268,0.0
368570,0.0
371768,0.0
369612,0.0
376117,0.0
367018,0.0
370240,0.0
367684,0.0
366963,0.0
367535,0.0
371637,0.0
369164,0.0
372305,0.0
365739,0.0
370233,0.0
371793,0.0
367366,0.0
378018,0.0
376503,0.0
371279,0.0
373477,0.0
376103,0.0
374318,0.0
365325,0.0
367417,0.0
368580,0.0
366708,0.0
365595,0.0
372343,0.0
372795,0.0
371639,0.0
370248,0.0
369444,0.0
367216,0.0
375775,0.0
378068,0.0
367533,0.0
374525,0.0
367893,0.0
376644,0.0
376785,0.0
376080,0.0
368682,0.0
369990,0.0
375891,0.0
377761,0.0
376304,0.0
374936,0.0
365467,0.0
366252,0.0
372124,0.0
376098,0.0
366687,0.0
374428,0.0
368724,0.0
367897,0.0
365876,0.0
378410,0.0
376490,0.0
367421,0.0
372347,0.0
368577,0.0
371280,0.0
371626,0.0
376073,0.0
375311,0.0
366823,0.0
366696,0.0
366624,0.0
375306,0.0
377933,0.0
368901,0.0
373256,0.0
370153,0.0
371749,0.0
370243,0.0
369808,0.0
369145,0.0
368524,0.0
367543,0.0
375035,0.0
367691,0.0
367217,0.0
370161,0.0
365578,0.0
374575,0.0
367418,0.0
372812,0.0
374463,0.0
365617,0.0
378407,0.0
373444,0.0
369593,0.0
369464,0.0
372794,0.0
377432,0.0
371421,0.0
375460,0.0
374577,0.0
374600,0.0
377808,0.0
369186,0.0
370276,0.0
365579,0.0
370256,0.0
365349,0.0
369617,0.0
367888,0.0
370918,0.0
372959,0.0
365750,0.0
366062,0.0
373254,0.0
374929,0.0
373237,0.0
376890,0.0
377801,0.0
367574,0.0
367422,0.0
375931,0.0
367170,0.0
374464,0.0
373804,0.0
377954,0.0
367370,0.0
369395,0.0
375995,0.0
372636,0.0
374429,0.0
368544,0.0
369619,0.0
369455,0.0
378106,0.0
366077,0.0
368742,0.0
367726,0.0
369816,0.0
373405,0.0
370724,0.0
372901,0.0
373383,0.0
371622,0.0
365771,0.0
377454,0.0
377351,0.0
372803,0.0
369344,0.0
365908,0.0
369945,0.0
377798,0.0
373805,0.0
373825,0.0
368990,0.0
377610,0.0
376640,0.0
376215,0.0
375567,0.0
378082,0.0
369323,0.0
373235,0.0
375292,0.0
368098,0.0
366676,0.0
365251,0.0
375409,0.0
365326,0.0
377604,0.0
366516,0.0
366717,0.0
370834,0.0
366707,0.0
378404,0.0
367398,0.0
371289,0.0
371058,0.0
372843,0.0
375901,0.0
365618,0.0
368745,0.0
374116,0.0
367552,0.0
370551,0.0
368414,0.0
367389,0.0
366859,0.0
367410,0.0
366598,0.0
366121,0.0
371969,0.0
372702,0.0
374098,0.0
367003,0.0
369187,0.0
375315,0.0
370380,0.0
370266,0.0
367518,0.0
369472,0.0
366125,0.0
371405,0.0
372540,0.0
376216,0.0
370733,0.0
366082,0.0
369299,0.0
376235,0.0
366666,0.0
368422,0.0
372678,0.0
371773,0.0
366821,0.0
376919,0.0
369177,0.0
373121,0.0
366104,0.0
376684,0.0
369876,0.0
377775,0.0
377464,0.0
377202,0.0
372130,0.0
370913,0.0
374328,0.0
368043,0.0
378102,0.0
370005,0.0
377196,0.0
371926,0.0
365262,0.0
370220,0.0
373238,0.0
376811,0.0
373654,0.0
371801,0.0
365320,0.0
376995,0.0
370886,0.0
370899,0.0
376986,0.0
368560,0.0
373813,0.0
369968,0.0
371300,0.0
373950,0.0
372907,0.0
371825,0.0
370142,0.0
372558,0.0
366094,0.0
370582,0.0
374554,0.0
377037,0.0
376349,0.0
365247,0.0
374434,0.0
376668,0.0
375618,0.0
369325,0.0
378049,0.0
371286,0.0
372962,0.0
368998,0.0
377467,0.0
371601,0.0
367178,0.0
371407,0.0
375437,0.0
371299,0.0
367355,0.0
368993,0.0
368051,0.0
370560,0.0
368083,0.0
378380,0.0
365186,0.0
369126,0.0
372357,0.0
375474,0.0
374452,0.0
376901,0.0
366697,0.0
366881,0.0
367731,0.0
365166,0.0
377952,0.0
369991,0.0
367341,0.0
376781,0.0
369594,0.0
366649,0.0
367549,0.0
365310,0.0
373253,0.0
367513,0.0
369462,0.0
371786,0.0
370212,0.0
367713,0.0
366126,0.0
370152,0.0
376493,0.0
369629,0.0
369996,0.0
376108,0.0
368565,0.0
374732,0.0
367010,0.0
368382,0.0
377652,0.0
367906,0.0
365768,0.0
369989,0.0
367534,0.0
366863,0.0
373210,0.0
376914,0.0
374462,0.0
370268,0.0
366889,0.0
374770,0.0
367388,0.0
365180,0.0
365409,0.0
368681,0.0
375911,0.0
367401,0.0
365270,0.0
373835,0.0
370167,0.0
378397,0.0
375602,0.0
365461,0.0
377303,0.0
366059,0.0
370900,0.0
367633,0.0
367372,0.0
367874,0.0
377792,0.0
371589,0.0
365734,0.0
369012,0.0
371970,0.0
367550,0.0
366502,0.0
368380,0.0
365769,0.0
374140,0.0
373460,0.0
374126,0.0
371971,0.0
372810,0.0
375060,0.0
376093,0.0
367185,0.0
365589,0.0
372512,0.0
373992,0.0
377624,0.0
378186,0.0
366845,0.0
374919,0.0
367409,0.0
372692,0.0
370902,0.0
371250,0.0
373105,0.0
373452,0.0
375696,0.0
365246,0.0
367733,0.0
375442,0.0
366888,0.0
373461,0.0
365735,0.0
370569,0.0
374315,0.0
374920,0.0
367191,0.0
375049,0.0
377455,0.0
375784,0.0
365313,0.0
373091,0.0
374113,0.0
368734,0.0
365420,0.0
375210,0.0
370287,0.0
371411,0.0
366693,0.0
369784,0.0
366108,0.0
372136,0.0
370538,0.0
367688,0.0
375293,0.0
376889,0.0
368416,0.0
370187,0.0
367334,0.0
372683,0.0
373683,0.0
371642,0.0
375297,0.0
371609,0.0
376646,0.0
370125,0.0
365197,0.0
372255,0.0
366674,0.0
375457,0.0
374292,0.0
374330,0.0
378426,0.0
366853,0.0
366498,0.0
368246,0.0
365460,0.0
367218,0.0
369625,0.0
372090,0.0
366273,0.0
368974,0.0
367724,0.0
371618,0.0
370382,0.0
375615,0.0
372796,0.0
367847,0.0
365415,0.0
371605,0.0
367523,0.0
365761,0.0
368733,0.0
376657,0.0
366954,0.0
372251,0.0
365269,0.0
369814,0.0
368675,0.0
372888,0.0
377783,0.0
366490,0.0
377797,0.0
369015,0.0
374784,0.0
369279,0.0
367743,0.0
368858,0.0
374758,0.0
376242,0.0
371417,0.0
371047,0.0
372569,0.0
371771,0.0
368518,0.0
365272,0.0
365206,0.0
367577,0.0
365432,0.0
369176,0.0
371264,0.0
371254,0.0
374754,0.0
369982,0.0
373467,0.0
372309,0.0
372231,0.0
365195,0.0
369465,0.0
372689,0.0
374939,0.0
366662,0.0
367392,0.0
371655,0.0
377639,0.0
375601,0.0
371636,0.0
365383,0.0
376906,0.0
376123,0.0
373958,0.0
371393,0.0
374913,0.0
366689,0.0
365888,0.0
378403,0.0
369815,0.0
371832,0.0
370155,0.0
373245,0.0
368573,0.0
378223,0.0
371625,0.0
370370,0.0
367201,0.0
378094,0.0
375463,0.0
374630,0.0
378239,0.0
369192,0.0
375478,0.0
376980,0.0
378027,0.0
376348,0.0
368214,0.0
374419,0.0
370134,0.0
373814,0.0
377333,0.0
376226,0.0
369818,0.0
368680,0.0
371270,0.0
374426,0.0
374918,0.0
372806,0.0
373384,0.0
372109,0.0
366524,0.0
368658,0.0
368728,0.0
365429,0.0
375913,0.0
366207,0.0
372765,0.0
365569,0.0
366872,0.0
367885,0.0
376885,0.0
365863,0.0
368930,0.0
372701,0.0
377361,0.0
365756,0.0
366688,0.0
375610,0.0
365621,0.0
369430,0.0
378103,0.0
378395,0.0
373896,0.0
376911,0.0
366683,0.0
368389,0.0
369294,0.0
372657,0.0
365889,0.0
377203,0.0
367744,0.0
377777,0.0
371267,0.0
367894,0.0
365322,0.0
366265,0.0
373243,0.0
371571,0.0
374134,0.0
376897,0.0
370523,0.0
365910,0.0
367019,0.0
369014,0.0
371292,0.0
375889,0.0
377774,0.0
366090,0.0
366831,0.0
365733,0.0
377320,0.0
368602,0.0
376658,0.0
369302,0.0
371076,0.0
372770,0.0
371360,0.0
365904,0.0
372782,0.0
372222,0.0
376091,0.0
369460,0.0
365407,0.0
370731,0.0
366709,0.0
374757,0.0
372704,0.0
367892,0.0
372570,0.0
373369,0.0
373442,0.0
368258,0.0
376873,0.0
368582,0.0
375471,0.0
366519,0.0
365753,0.0
365387,0.0
374620,0.0
367222,0.0
372310,0.0
377157,0.0
373932,0.0
378401,0.0
371550,0.0
377767,0.0
373111,0.0
369193,0.0
366517,0.0
370141,0.0
371402,0.0
365869,0.0
374074,0.0
369825,0.0
368730,0.0
371796,0.0
374320,0.0
378215,0.0
374608,0.0
370168,0.0
371957,0.0
375053,0.0
368099,0.0
369452,0.0
377964,0.0
377648,0.0
369431,0.0
368601,0.0
372129,0.0
369005,0.0
369022,0.0
371627,0.0
367846,0.0
378075,0.0
370907,0.0
374302,0.0
378229,0.0
373996,0.0
374114,0.0
369971,0.0
367914,0.0
377480,0.0
373446,0.0
374115,0.0
366259,0.0
376669,0.0
366242,0.0
366081,0.0
373232,0.0
365414,0.0
370712,0.0
370817,0.0
376478,0.0
369975,0.0
376908,0.0
368383,0.0
368395,0.0
366980,0.0
366978,0.0
371795,0.0
371520,0.0
367425,0.0
376092,0.0
375776,0.0
375408,0.0
374294,0.0
369992,0.0
365909,0.0
371599,0.0
378304,0.0
369456,0.0
367360,0.0
365410,0.0
367545,0.0
374903,0.0
375063,0.0
372099,0.0
378230,0.0
376336,0.0
367176,0.0
369028,0.0
367544,0.0
366799,0.0
365439,0.0
371634,0.0
368084,0.0
368729,0.0
369904,0.0
375178,0.0
376232,0.0
376909,0.0
375557,0.0
368547,0.0
372248,0.0
370919,0.0
371106,0.0
371271,0.0
370697,0.0
369949,0.0
374402,0.0
377364,0.0
367558,0.0
370736,0.0
373972,0.0
372874,0.0
366960,0.0
374904,0.0
367174,0.0
377476,0.0
367279,0.0
376618,0.0
365265,0.0
373987,0.0
366953,0.0
372879,0.0
367379,0.0
366089,0.0
366243,0.0
377451,0.0
367851,0.0
377213,0.0
366975,0.0
368212,0.0
365413,0.0
377353,0.0
376495,0.0
371930,0.0
367929,0.0
371797,0.0
368853,0.0
367559,0.0
368832,0.0
367692,0.0
368585,0.0
366928,0.0
370144,0.0
366977,0.0
368077,0.0
373650,0.0
378391,0.0
367564,0.0
376358,0.0
365445,0.0
374765,0.0
376667,0.0
368405,0.0
373966,0.0
376861,0.0
367588,0.0
371978,0.0
371401,0.0
367900,0.0
370232,0.0
371066,0.0
370561,0.0
371588,0.0
365892,0.0
369961,0.0
377642,0.0
373088,0.0
369252,0.0
377358,0.0
377922,0.0
368578,0.0
367727,0.0
378428,0.0
376900,0.0
374308,0.0
366964,0.0
376109,0.0
365424,0.0
376299,0.0
370137,0.0
373674,0.0
365902,0.0
372909,0.0
369154,0.0
373114,0.0
373095,0.0
371628,0.0
367381,0.0
375209,0.0
374601,0.0
367020,0.0
368660,0.0
368047,0.0
366686,0.0
373933,0.0
366085,0.0
365619,0.0
367187,0.0
369972,0.0
369469,0.0
368747,0.0
375617,0.0
370843,0.0
376110,0.0
366511,0.0
375782,0.0
370554,0.0
371950,0.0
369984,0.0
367212,0.0
372245,0.0
368407,0.0
376653,0.0
372811,0.0
367889,0.0
374127,0.0
372451,0.0
378076,0.0
376836,0.0
371016,0.0
373362,0.0
375470,0.0
369332,0.0
368081,0.0
371275,0.0
367420,0.0
377601,0.0
369441,0.0
374756,0.0
367411,0.0
367872,0.0
365438,0.0
373257,0.0
375774,0.0
368716,0.0
365468,0.0
367358,0.0
372903,0.0
372201,0.0
368902,0.0
373476,0.0
373112,0.0
375763,0.0
373675,0.0
375197,0.0
374624,0.0
374551,0.0
369296,0.0
376679,0.0
366275,0.0
368066,0.0
374776,0.0
370711,0.0
367567,0.0
373667,0.0
371071,0.0
369630,0.0
373443,0.0
374325,0.0
368819,0.0
377497,0.0
370557,0.0
366838,0.0
369792,0.0
370743,0.0
371037,0.0
376049,0.0
377857,0.0
370889,0.0
365448,0.0
375282,0.0
377628,0.0
367383,0.0
372958,0.0
365559,0.0
376088,0.0
374107,0.0
377473,0.0
368852,0.0
374122,0.0
371963,0.0
377793,0.0
371624,0.0
369604,0.0
375265,0.0
365704,0.0
372352,0.0
373657,0.0
374305,0.0
370707,0.0
368709,0.0
368139,0.0
369007,0.0
372914,0.0
376979,0.0
376887,0.0
371379,0.0
367578,0.0
372893,0.0
374769,0.0
370369,0.0
368827,0.0
370384,0.0
373392,0.0
371406,0.0
375051,0.0
367871,0.0
377479,0.0
377472,0.0
367213,0.0
375185,0.0
366847,0.0
369432,0.0
370719,0.0
373672,0.0
372358,0.0
374172,0.0
368038,0.0
367903,0.0
373436,0.0
372261,0.0
369121,0.0
369029,0.0
377607,0.0
372328,0.0
371062,0.0
376227,0.0
371620,0.0
372781,0.0
366680,0.0
377778,0.0
367198,0.0
374632,0.0
365588,0.0
373964,0.0
365875,0.0
373271,0.0
366982,0.0
368167,0.0
367380,0.0
372804,0.0
376476,0.0
365244,0.0
369474,0.0
374131,0.0
371069,0.0
370539,0.0
376881,0.0
368401,0.0
370219,0.0
369024,0.0
367562,0.0
369965,0.0
374303,0.0
365558,0.0
369328,0.0
369986,0.0
375203,0.0
367016,0.0
369306,0.0
367524,0.0
371288,0.0
377349,0.0
373670,0.0
377457,0.0
378245,0.0
374731,0.0
365271,0.0
367704,0.0
369336,0.0
373391,0.0
375450,0.0
373275,0.0
370547,0.0
367234,0.0
367703,0.0
373931,0.0
377962,0.0
365587,0.0
365731,0.0
370230,0.0
377356,0.0
373124,0.0
373109,0.0
377459,0.0
375919,0.0
371260,0.0
375312,0.0
373252,0.0
374593,0.0
368701,0.0
367648,0.0
365430,0.0
369468,0.0
374610,0.0
369944,0.0
368259,0.0
374741,0.0
368673,0.0
370223,0.0
370703,0.0
366682,0.0
373475,0.0
372533,0.0
368234,0.0
366631,0.0
375605,0.0
375609,0.0
373684,0.0
376335,0.0
368286,0.0
376339,0.0
365436,0.0
366491,0.0
370221,0.0
372112,0.0
366064,0.0
373967,0.0
375751,0.0
371810,0.0
369486,0.0
368723,0.0
376904,0.0
367378,0.0
366654,0.0
376825,0.0
365207,0.0
373213,0.0
374908,0.0
367556,0.0
366993,0.0
370578,0.0
375932,0.0
370880,0.0
365163,0.0
371072,0.0
370165,0.0
367709,0.0
376905,0.0
376999,0.0
376882,0.0
372263,0.0
377640,0.0
366855,0.0
367730,0.0
375858,0.0
377498,0.0
371369,0.0
370286,0.0
365884,0.0
371291,0.0
369473,0.0
367723,0.0
377449,0.0
375792,0.0
369421,0.0
372787,0.0
365249,0.0
368550,0.0
373217,0.0
375791,0.0
369153,0.0
374500,0.0
373473,0.0
366957,0.0
376932,0.0
370518,0.0
371990,0.0
365890,0.0
369021,0.0
377927,0.0
373070,0.0
370709,0.0
371083,0.0
374777,0.0
372891,0.0
372767,0.0
372329,0.0
371983,0.0
377371,0.0
372345,0.0
369597,0.0
367223,0.0
373435,0.0
368996,0.0
366672,0.0
376810,0.0
371295,0.0
378427,0.0
378231,0.0
372788,0.0
376500,0.0
371293,0.0
377428,0.0
367557,0.0
369542,0.0
365782,0.0
370140,0.0
367568,0.0
369962,0.0
367589,0.0
371781,0.0
372541,0.0
370260,0.0
371829,0.0
367548,0.0
373673,0.0
376511,0.0
367591,0.0
370931,0.0
366962,0.0
366700,0.0
370579,0.0
374738,0.0
377372,0.0
368406,0.0
374293,0.0
368404,0.0
371363,0.0
374615,0.0
368568,0.0
377478,0.0
366873,0.0
367390,0.0
367393,0.0
368850,0.0
377615,0.0
377784,0.0
370588,0.0
377186,0.0
370580,0.0
371984,0.0
371992,0.0
366976,0.0
374926,0.0
371614,0.0
367221,0.0
366247,0.0
372339,0.0
367302,0.0
367232,0.0
368835,0.0
370925,0.0
372792,0.0
371091,0.0
373260,0.0
374125,0.0
369957,0.0
365800,0.0
365885,0.0
370570,0.0
370926,0.0
366109,0.0
366504,0.0
377482,0.0
372546,0.0
369313,0.0
376894,0.0
375916,0.0
369993,0.0
371068,0.0
368588,0.0
375909,0.0
369303,0.0
366088,0.0
367007,0.0
367590,0.0
367922,0.0
366239,0.0
365253,0.0
376867,0.0
369970,0.0
366257,0.0
374329,0.0
374915,0.0
366678,0.0
378406,0.0
372887,0.0
366684,0.0
378067,0.0
370255,0.0
367017,0.0
369429,0.0
368825,0.0
366691,0.0
374425,0.0
375304,0.0
368187,0.0
378379,0.0
372320,0.0
365582,0.0
375174,0.0
371283,0.0
374713,0.0
366973,0.0
370749,0.0
372164,0.0
371649,0.0
372351,0.0
369321,0.0
371078,0.0
366002,0.0
368970,0.0
377360,0.0
371960,0.0
368071,0.0
365565,0.0
369956,0.0
367394,0.0
367844,0.0
368291,0.0
375754,0.0
372882,0.0
366202,0.0
367877,0.0
369478,0.0
365732,0.0
366116,0.0
376879,0.0
370282,0.0
375562,0.0
369794,0.0
375910,0.0
372137,0.0
372904,0.0
366250,0.0
369146,0.0
378237,0.0
371092,0.0
372802,0.0
371617,0.0
369959,0.0
377647,0.0
368676,0.0
373373,0.0
373218,0.0
371961,0.0
367228,0.0
367742,0.0
370591,0.0
371060,0.0
376877,0.0
372359,0.0
377338,0.0
375778,0.0
372252,0.0
366668,0.0
375920,0.0
369300,0.0
368281,0.0
375369,0.0
374734,0.0
376446,0.0
378078,0.0
372247,0.0
368863,0.0
376502,0.0
377791,0.0
373182,0.0
368041,0.0
373991,0.0
373971,0.0
378060,0.0
370718,0.0
368091,0.0
368953,0.0
368739,0.0
365447,0.0
377627,0.0
369442,0.0
370906,0.0
372793,0.0
371962,0.0
369550,0.0
365295,0.0
371082,0.0
369337,0.0
368053,0.0
374123,0.0
367391,0.0
373773,0.0
376100,0.0
371408,0.0
371415,0.0
369807,0.0
368429,0.0
368418,0.0
377205,0.0
374622,0.0
372341,0.0
365457,0.0
377632,0.0
378377,0.0
365384,0.0
374446,0.0
376102,0.0
375780,0.0
372324,0.0
368269,0.0
365208,0.0
375299,0.0
369018,0.0
371815,0.0
370818,0.0
367364,0.0
367546,0.0
370924,0.0
377651,0.0
369980,0.0
377490,0.0
369795,0.0
369983,0.0
376355,0.0
378388,0.0
367205,0.0
371420,0.0
371598,0.0
370576,0.0
371604,0.0
373378,0.0
376920,0.0
371826,0.0
370592,0.0
374824,0.0
369606,0.0
372332,0.0
368058,0.0
367891,0.0
368264,0.0
366716,0.0
375436,0.0
367899,0.0
377786,0.0
374146,0.0
373685,0.0
378303,0.0
378381,0.0
368437,0.0
367180,0.0
368097,0.0
377001,0.0
370734,0.0
372264,0.0
372230,0.0
371610,0.0
373983,0.0
366526,0.0
366663,0.0
377738,0.0
367925,0.0
365728,0.0
370695,0.0
373949,0.0
371265,0.0
371404,0.0
372131,0.0
373344,0.0
370909,0.0
367004,0.0
370896,0.0
368267,0.0
374456,0.0
377796,0.0
376638,0.0
372896,0.0
368260,0.0
375171,0.0
373796,0.0
367511,0.0
369877,0.0
367930,0.0
371375,0.0
366095,0.0
375307,0.0
375028,0.0
367023,0.0
369329,0.0
371980,0.0
366987,0.0
376086,0.0
375587,0.0
374582,0.0
371989,0.0
366885,0.0
377504,0.0
366492,0.0
373214,0.0
367719,0.0
377898,0.0
369793,0.0
372679,0.0
370157,0.0
367365,0.0
368287,0.0
376338,0.0
371811,0.0
378187,0.0
373669,0.0
373424,0.0
367183,0.0
374590,0.0
368270,0.0
373680,0.0
374779,0.0
368987,0.0
369777,0.0
377194,0.0
371967,0.0
369585,0.0
375296,0.0
367927,0.0
378249,0.0
373104,0.0
372563,0.0
375313,0.0
371613,0.0
369315,0.0
374914,0.0
374604,0.0
367336,0.0
375912,0.0
375147,0.0
369810,0.0
369034,0.0
378384,0.0
368718,0.0
374764,0.0
374432,0.0
365191,0.0
377779,0.0
365126,0.0
368196,0.0
376477,0.0
378101,0.0
369450,0.0
376116,0.0
371772,0.0
366078,0.0
369631,0.0
372556,0.0
375918,0.0
371584,0.0
378409,0.0
369470,0.0
367551,0.0
365900,0.0
365776,0.0
372085,0.0
377766,0.0
372107,0.0
372282,0.0
376865,0.0
367536,0.0
365314,0.0
375285,0.0
374556,0.0
373480,0.0
377931,0.0
365602,0.0
367495,0.0
368289,0.0
370249,0.0
366870,0.0
373445,0.0
365437,0.0
374139,0.0
367384,0.0
371255,0.0
366107,0.0
370545,0.0
372534,0.0
368973,0.0
372125,0.0
371597,0.0
373106,0.0
365594,0.0
366098,0.0
367566,0.0
366263,0.0
371105,0.0
377618,0.0
366100,0.0
370929,0.0
376233,0.0
367400,0.0
367910,0.0
369476,0.0
376243,0.0
376486,0.0
366101,0.0
373928,0.0
368256,0.0
373447,0.0
366860,0.0
369588,0.0
366804,0.0
368433,0.0
375599,0.0
369586,0.0
367522,0.0
366974,0.0
373823,0.0
375195,0.0
371657,0.0
365747,0.0
376120,0.0
373824,0.0
368594,0.0
371621,0.0
370701,0.0
375622,0.0
365867,0.0
374602,0.0
367920,0.0
372877,0.0
371593,0.0
372326,0.0
375908,0.0
370103,0.0
368402,0.0
369180,0.0
372103,0.0
367898,0.0
375126,0.0
367735,0.0
368677,0.0
369174,0.0
368012,0.0
374576,0.0
373953,0.0
369308,0.0
370209,0.0
365187,0.0
378414,0.0
377807,0.0
370147,0.0
367220,0.0
374558,0.0
375294,0.0
370270,0.0
372557,0.0
372133,0.0
372110,0.0
373472,0.0
376191,0.0
368240,0.0
371097,0.0
372102,0.0
372249,0.0
366665,0.0
372895,0.0
368403,0.0
367214,0.0
369549,0.0
375857,0.0
374905,0.0
369006,0.0
367192,0.0
368839,0.0
365462,0.0
375318,0.0
375781,0.0
376878,0.0
377471,0.0
371362,0.0
365434,0.0
373468,0.0
372736,0.0
376454,0.0
368415,0.0
367005,0.0
367908,0.0
374289,0.0
373681,0.0
373653,0.0
371788,0.0
378419,0.0
368864,0.0
368600,0.0
367884,0.0
374787,0.0
368061,0.0
366706,0.0
367886,0.0
372232,0.0
375040,0.0
365168,0.0
366205,0.0
376886,0.0
367613,0.0
372340,0.0
366509,0.0
367571,0.0
378396,0.0
371084,0.0
372902,0.0
365534,0.0
378251,0.0
369599,0.0
378405,0.0
375301,0.0
370737,0.0
376083,0.0
372898,0.0
373816,0.0
368222,0.0
365442,0.0
371065,0.0
370288,0.0
368085,0.0
368425,0.0
371633,0.0
368834,0.0
375166,0.0
373827,0.0
373965,0.0
374296,0.0
377629,0.0
365751,0.0
373123,0.0
372743,0.0
367932,0.0
367540,0.0
374327,0.0
366930,0.0
368432,0.0
369798,0.0
366871,0.0
366515,0.0
369546,0.0
375473,0.0
375310,0.0
366066,0.0
372711,0.0
377638,0.0
370891,0.0
368559,0.0
367879,0.0
371079,0.0
372096,0.0
376504,0.0
373469,0.0
373371,0.0
376512,0.0
369805,0.0
372241,0.0
375048,0.0
371387,0.0
375452,0.0
370164,0.0
374927,0.0
377183,0.0
369487,0.0
370257,0.0
371281,0.0
376832,0.0
367753,0.0
367711,0.0
370573,0.0
378083,0.0
373984,0.0
370910,0.0
368720,0.0
369004,0.0
373258,0.0
372331,0.0
369804,0.0
365167,0.0
372323,0.0
375924,0.0
376323,0.0
374455,0.0
376888,0.0
372769,0.0
374316,0.0
374603,0.0
367363,0.0
375321,0.0
376839,0.0
367926,0.0
370188,0.0
374259,0.0
369017,0.0
372226,0.0
366994,0.0
376096,0.0
367215,0.0
370885,0.0
367553,0.0
367887,0.0
366986,0.0
370552,0.0
373380,0.0
373248,0.0
369605,0.0
369151,0.0
368750,0.0
375454,0.0
369788,0.0
375594,0.0
368290,0.0
375284,0.0
365324,0.0
370251,0.0
366865,0.0
377713,0.0
366844,0.0
371228,0.0
368230,0.0
373428,0.0
369938,0.0
369448,0.0
373822,0.0
369790,0.0
376896,0.0
372805,0.0
371629,0.0
365759,0.0
368988,0.0
378240,0.0
377362,0.0
376489,0.0
368373,0.0
376326,0.0
368392,0.0
368248,0.0
366087,0.0
367233,0.0
371774,0.0
376754,0.0
370210,0.0
371643,0.0
375904,0.0
368411,0.0
377958,0.0
366278,0.0
365591,0.0
371819,0.0
367408,0.0
370246,0.0
369987,0.0
367561,0.0
369178,0.0
367173,0.0
373963,0.0
375760,0.0
373267,0.0
370567,0.0
372965,0.0
374751,0.0
366505,0.0
376359,0.0
366869,0.0
371094,0.0
374940,0.0
374607,0.0
373466,0.0
367754,0.0
367413,0.0
365599,0.0
368413,0.0
365189,0.0
368192,0.0
367532,0.0
366092,0.0
366983,0.0
365597,0.0
370280,0.0
377365,0.0
368838,0.0
378054,0.0
371088,0.0
374581,0.0
367699,0.0
377901,0.0
374739,0.0
376876,0.0
370565,0.0
370584,0.0
375896,0.0
371778,0.0
375037,0.0
367740,0.0
377735,0.0
376350,0.0
376912,0.0
368569,0.0
375922,0.0
376112,0.0
376234,0.0
366650,0.0
371813,0.0
376993,0.0
373515,0.0
369274,0.0
366124,0.0
375303,0.0
368731,0.0
365570,0.0
370542,0.0
371376,0.0
370158,0.0
366886,0.0
375264,0.0
374078,0.0
366097,0.0
369978,0.0
368421,0.0
374928,0.0
375588,0.0
366850,0.0
367902,0.0
375295,0.0
370577,0.0
372554,0.0
368604,0.0
377331,0.0
367189,0.0
374788,0.0
370098,0.0
371586,0.0
365440,0.0
376333,0.0
374448,0.0
378071,0.0
378189,0.0
374313,0.0
365609,0.0
370181,0.0
366276,0.0
367015,0.0
366843,0.0
367565,0.0
371370,0.0
374755,0.0
366105,0.0
365408,0.0
369159,0.0
375453,0.0
368238,0.0
371294,0.0
368558,0.0
370693,0.0
371780,0.0
370553,0.0
373974,0.0
367695,0.0
366692,0.0
372875,0.0
371035,0.0
373623,0.0
369191,0.0
370274,0.0
369976,0.0
372128,0.0
375191,0.0
369463,0.0
376094,0.0
369942,0.0
365783,0.0
375903,0.0
365607,0.0
374912,0.0
374931,0.0
376680,0.0
375621,0.0
368590,0.0
376674,0.0
376487,0.0
376046,0.0
374783,0.0
368265,0.0
366523,0.0
368978,0.0
369152,0.0
370381,0.0
376449,0.0
368266,0.0
372964,0.0
365784,0.0
369422,0.0
366240,0.0
371074,0.0
374906,0.0
374773,0.0
371089,0.0
376422,0.0
370558,0.0
365616,0.0
368587,0.0
370169,0.0
372259,0.0
376488,0.0
377448,0.0
376670,0.0
370748,0.0
366495,0.0
372673,0.0
373658,0.0
367338,0.0
371378,0.0
376328,0.0
378306,0.0
372815,0.0
366058,0.0
372346,0.0
369305,0.0
365416,0.0
367512,0.0
373113,0.0
368252,0.0
368409,0.0
375761,0.0
373102,0.0
372688,0.0
377576,0.0
369638,0.0
369345,0.0
370250,0.0
365267,0.0
371656,0.0
367236,0.0
367573,0.0
375469,0.0
375921,0.0
368727,0.0
368849,0.0
371751,0.0
375194,0.0
374447,0.0
368253,0.0
365431,0.0
370272,0.0
368424,0.0
367928,0.0
373439,0.0
368410,0.0
365443,0.0
367720,0.0
375625,0.0
368438,0.0
367918,0.0
374119,0.0
367399,0.0
374605,0.0
365199,0.0
375465,0.0
371551,0.0
376892,0.0
368186,0.0
373821,0.0
371262,0.0
376081,0.0
369969,0.0
371638,0.0
368218,0.0
369817,0.0
374465,0.0
365740,0.0
365608,0.0
373120,0.0
368657,0.0
369613,0.0
374310,0.0
367537,0.0
374427,0.0
368976,0.0
376345,0.0
373453,0.0
377494,0.0
377460,0.0
370267,0.0
376649,0.0
377776,0.0
368700,0.0
366673,0.0
377924,0.0
369824,0.0
377350,0.0
371595,0.0
371792,0.0
368710,0.0
372119,0.0
